A,123.05
AA,25.6
AAC.U,10.4
AAI-B,22.5
AAI-C,22.26
AAIC,4.07
AAN,22.46
AAP,162.13
AAT,31.81
AB,37.24
ABB,29.25
ABBV,108.53
ABC,101.92
ABEV,2.54
ABG,174.04
ABM,44.06
ABR,17.03
ABR-A,25.9
ABR-B,25.48
ABR-C,26
ABT,120.84
AC,34.75
ACA,58.09
ACB,10.84
ACC,41.78
ACCO,8.29
ACEL,11.24
ACH,12.42
ACI,16.25
ACI.U,10.9
ACIC,12.91
ACM,59.29
ACN,254
ACN.U,11.58
ACN.W,1.95
ACND,10.59
ACP,11.14
ACR,13.25
ACR-C,24.32
ACRE,14.07
ACV,34.27
ADC,65.5
ADCT,27.16
ADE.U,10.39
ADM,57.2
ADNT,38.11
ADS,98.74
ADT,7.71
ADX,17.75
AEB,24.8
AEE,70.94
AEFC,25.14
AEG,4.83
AEL,28.11
AEL-A,25.88
AEL-B,27.13
AEM,56.7
AENZ,2.22
AEO,26.34
AER,50.06
AES,27.07
AFB,14.45
AFC,25.33
AFG,108.35
AFGB,26.8
AFGC,25.51
AFGD,26.31
AFGE,25.18
AFI,5.2
AFL,48.67
AFT,14.49
AG,18.44
AGCB,11.71
AGCO,131.31
AGD,10.84
AGI,7.25
AGM,86.95
AGM-C,26.75
AGM-D,26.79
AGM-F,25.7
AGM.A,72.66
AGO,44.99
AGO-B,26.55
AGO-E,25.87
AGO-F,25.66
AGR,46.02
AGRO,8.36
AGS,8.46
AGX,50.91
AHC,2.03
AHH,13.16
AHH-A,25.14
AHL-C,26.38
AHL-D,25.8
AHL-E,25.9
AHT,3.64
AHT-D,21.89
AHT-F,21.66
AHT-G,21.27
AHT-H,21.13
AHT-I,20.94
AI,116.19
AIC,24.5
AIF,14.57
AIG,44.9
AIG-A,26.88
AIN,80.81
AIO,29.21
AIR,41.03
AIRC,41.9
AIT,87.01
AIV,4.85
AIW,25
AIZ,124.43
AIZN,25.13
AIZP,115.5
AJA.U,12.78
AJA.W,3.31
AJAX,11.94
AJG,120.21
AJRD,51.69
AJX,11.39
AJXA,25
AKO.A,13.44
AKO.B,15.86
AKR,19.34
AL,47.23
AL-A,26.16
ALB,160.05
ALC,69.82
ALE,63.24
ALEX,17.8
ALG,154.96
ALI-A,20.69
ALI-B,22.86
ALI-E,22.4
ALK,67.08
ALL,107.65
ALL-B,26.2
ALL-G,26.77
ALL-H,26.06
ALL-I,25.71
ALL-Y,25.86
ALLE,109.75
ALLY,42.6
ALP-Q,26.4
ALSN,38.4
ALT-A,26.4
ALT.W,2.24
ALTG,10.89
ALU.U,13.52
ALU.W,2.98
ALUS,11.16
ALV,90.45
ALX,271
AM,8.95
AMB.W,5.6
AMBC,17.32
AMC,8.86
AMCR,11.09
AME,119.53
AMG,142.99
AMH,31.61
AMH-D,25.54
AMH-E,25.53
AMH-F,25.68
AMH-G,25.84
AMH-H,26.51
AMK,24.03
AMN,73.66
AMOV,13.24
AMP,224.98
AMPY,3.06
AMR,15.42
AMRC,58.83
AMRX,5.79
AMT,218.56
AMWL,25.46
AMX,12.85
AN,76.48
ANET,282.5
ANF,28.11
ANH,2.8
ANH-A,25.5
ANH-B,24.82
ANH-C,25.01
ANTM,307.66
AOD,9.21
AON,228.92
AON.U,13.91
AON.W,3.65
AONE,13.17
AOS,60.29
AP,8.03
APAM,48.89
APD,258.4
APG,18.73
APG.U,10.5
APH,127.38
APLE,14.65
APO,50.35
APO-A,25.7
APO-B,26.09
APRN,8.94
APS.U,11.18
APS.W,1.88
APSG,10.51
APT-A,172.63
APTS,8.42
APTV,151.06
AQN,15.68
AQNA,27.39
AQNB,27.7
AQUA,25.02
AR,9.25
ARC,2.15
ARCH,48.98
ARCO,5.39
ARD,25.62
ARDC,14.73
ARE,160.89
ARE-A,25.81
ARES,52.9
ARG-A,26.13
ARGD,25.32
ARGO,47.08
ARI,13.5
ARL,9.47
ARLO,7.12
ARMK,38.05
ARNC,22.26
AROC,10.53
ARR,12.22
ARR-C,24.63
ARW,102.08
ASA,18.99
ASA.U,10.8
ASA.W,1.4
ASAN,35.57
ASAQ,10.32
ASB,20.62
ASB-C,25.55
ASB-D,25.42
ASB-E,25.9791
ASB-F,25.6
ASC,3.98
ASG,9.07
ASGI,19.63
ASGN,94.93
ASH,85.31
ASIX,28.53
ASP.U,11.62
ASP.W,2.05
ASPL,11.1
ASPN,22.95
ASR,190.16
ASX,7.71
ASZ.U,10.7
AT,2.88
ATA,10.12
ATA.T,1.6
ATA.U,10.55
ATA.W,1.04
ATAC,10.15
ATC,20.64
ATC-D,25
ATC-E,25.3
ATC-G,25.38
ATC-H,25.23
ATC-I,25.5
ATCO,13.65
ATEN,9.57
ATGE,40.36
ATH,46.61
ATH-A,27.17
ATH-B,25.61
ATH-C,27.28
ATH-D,24.23
ATHM,117.32
ATI,20.36
ATKR,68.95
ATM.U,10.3
ATO,85.61
ATR,130.78
ATTO,22.77
ATUS,34.19
AU,20.23
AUS.U,10.6
AUY,4.1
AVA,40.41
AVA.U,11.54
AVA.W,2.2
AVAL,6.3
AVAN,10.59
AVB,178.1
AVD,19.9
AVK,17.31
AVLR,160.07
AVNS,46.87
AVNT,44.35
AVT-A,89.67
AVTR,28.24
AVY,176.7
AVYA,30.1
AWF,11.73
AWI,86.94
AWK,144.21
AWP,5.55
AWR,73.74
AX,47.33
AXL,9.96
AXO,25.08
AXP,138.74
AXR,7.98
AXS,51.04
AXS-E,25.44
AXTA,27.73
AYI,126.01
AYX,97.39
AZEK,44.43
AZO,1173.8
AZRE,31.07
AZUL,22.1
AZZ,51.9
B,53.75
BA,219.6
BABA,241.23
BAC,35.52
BAC-A,25.31
BAC-B,26.54
BAC-E,24.74
BAC-K,26.54
BAC-L,1390.82
BAC-M,26.04
BAC-N,25.77
BAC-O,24.8
BAC-P,24.7
BAF,14.82
BAH,77.27
BAK,11.56
BALY,60.51
BAM,41.14
BAMH,23.03
BAMI,23.37
BAN-D,25
BAN-E,25.3
BANC,18.97
BAP,162.47
BAX,78.07
BB,10.29
BBAR,2.77
BBD,4.1
BBDC,9.94
BBDO,3.68
BBF,13.64
BBK,15.92
BBL,63.97
BBN,24.91
BBU,42
BBVA,5.54
BBW,7.19
BBY,100.5
BC,90.04
BC-A,26.73
BC-B,27.1
BC-C,26.98
BCAT,21.76
BCC,51.36
BCE,43.24
BCEI,32.72
BCH,22.26
BCO,78.89
BCS,8.92
BCSF,15
BCX,8.95
BDC,45.43
BDJ,8.78
BDN,12.42
BDX,242.71
BDXB,52.77
BE,30
BEDU,6.5
BEKE,67.41
BEN,26.71
BEP,43.36
BEP-A,25.11
BEPC,47.21
BERY,55.94
BEST,2.22
BF.A,67.06
BF.B,72.05
BFAM,161.94
BFK,15.09
BFL.W,7.85
BFLY,19.5
BFS,35.98
BFS-D,24.28
BFS-E,24.5
BFT,15.8
BFT.U,17.37
BFT.W,4.8
BFY,15.01
BFZ,14.01
BG,77.62
BGB,13.14
BGH,15.68
BGIO,9.21
BGR,8.51
BGS,30.62
BGSF,14.19
BGT,12.4
BGX,13.94
BGY,5.86
BH,124.86
BH.A,611
BHC,31.9
BHE,29.06
BHK,15.45
BHLB,20.58
BHP,77.01
BHR,7
BHR-B,17.1
BHR-D,24.35
BHV,16.2
BHVN,85.38
BIF,11.74
BIG,63.92
BILL,167.85
BIO,590.26
BIO.B,600.7
BIP,51.63
BIP-A,24.33
BIP-B,24.59
BIPC,67.05
BIT,17.7
BIT.U,10.1
BJ,40.72
BK,42.86
BKD,5.91
BKE,39
BKH,60.13
BKI,77.51
BKN,17.4
BKR,24.75
BKT,6.07
BKU,41.11
BLD,194.68
BLE,15.15
BLK,706.82
BLL,85.33
BLU.U,10.37
BLW,15.84
BLX,15.39
BMA,13.89
BME,46.17
BMEZ,27.38
BMI,109.81
BML-G,21.45
BML-H,20.93
BML-J,24.07
BML-L,24.29
BMO,82.8
BMY,61.9
BNED,6.64
BNL,18.31
BNS,59.37
BNY,15.37
BOA.U,10.16
BOA.W,2.3
BOAC,10.86
BOE,10.89
BOH,89.14
BOOT,61.94
BORR,1.24
BOX,18.61
BP,24.82
BPMP,11.51
BPT,4.38
BQ,7.4
BR,143.45
BRBR,23.01
BRC,53.14
BRFS,3.89
BRK.A,372555
BRK.B,246.77
BRMK,10.41
BRO,46.4
BRT,16.45
BRX,20.13
BSA,25.25
BSAC,23.11
BSBR,6.66
BSD,14.6
BSE,14.03
BSIG,18.47
BSL,14.88
BSM,9.04
BSMX,4.8
BSN,10.27
BSN.U,10.93
BSN.W,1.25
BST,56
BSTZ,37
BSX,39.12
BSX-A,111.88
BTA,12.54
BTI,35.7
BTO,36.28
BTT,25.3
BTU,4.34
BTZ,14.41
BUD,59.12
BUI,25.6
BUR,8.71
BURL,264.35
BV,16.18
BVH,16.31
BVN,11.09
BW,7.26
BWA,45.39
BWG,12.38
BWSN,25.11
BWXT,58.75
BX,70.25
BXC,40.54
BXG,8.07
BXMT,30.06
BXMX,12.88
BXP,100.79
BXP-B,25.07
BXS,30.69
BXS-A,26.05
BY,20.38
BYD,60.3
BYM,14.88
BZH,18.14
BZM,14.71
C,68.49
C-J,27.66
C-K,27.45
C-N,26.8
CAAP,4.5
CABO,1927.34
CACI,223.98
CADE,21
CAE,27.7
CAF,22.34
CAG,34.11
CAH,51.94
CAI,45.02
CAI-A,26.7
CAI-B,26.36
CAJ,21.63
CAL,16.4
CALX,40.5
CANG,9.01
CAP,10.24
CAP.U,10.7
CAP.W,1.5
CAPL,17.56
CARR,36.76
CARS,12.78
CAS,10.23
CAS.U,10.95
CAS.W,1.42
CAT,219.31
CATO,12.42
CB,164.06
CBA.U,10.6
CBA.W,1.69
CBAH,10.21
CBB,15.31
CBB-B,50
CBD,16.32
CBH,10.17
CBRE,76.58
CBT,50.31
CBU,72.56
CBZ,30.53
CC,24.11
CCA.U,11.45
CCA.W,2.24
CCAC,10.63
CCEP,51.66
CCI,156.34
CCI.U,36.03
CCI.W,17.05
CCIV,32.49
CCJ,16.06
CCK,96.72
CCL,27.55
CCM,3.6
CCO,1.77
CCS,56.66
CCU,17.74
CCV,10.75
CCV.U,11.25
CCV.W,2.55
CCX,10.04
CCX.U,10.69
CCX.W,1.69
CCZ,62.0011
CDAY,91.75
CDE,9.22
CDR,14.06
CDR-B,25.09
CDR-C,22.11
CE,141.55
CEA,23
CEE,24.07
CEIX,11.18
CEL.P,0.3523
CELP,3.39
CEM,21.67
CEN,10.63
CEO,116.02
CEPU,2.24
CEQ.P,7.94
CEQP,22.3
CF,46.09
CFG,44.49
CFG-D,27.69
CFG-E,25.53
CFR,106.34
CFR-B,24.92
CFX,45.47
CFXA,188.92
CGA,4.63
CHA.U,10.35
CHCT,44.38
CHD,78.88
CHE,449.13
CHGG,98.4
CHH,107.24
CHM-A,25.31
CHM-B,24.83
CHMI,10.09
CHN,32.05
CHRA,4.18
CHS,2.75
CHT,39.69
CHWY,104.3
CI,212.37
CIA,6.29
CIB,33.98
CIEN,52.68
CIF,2.58
CIG,2.11
CIG.C,2.59
CII,18.53
CIM,11.74
CIM-A,25.15
CIM-B,23.66
CIM-C,23
CIM-D,23.35
CINR,13.12
CIO,10.34
CIO-A,25.29
CIR,37.04
CIT,46.69
CIT-B,25.33
CIXX,14.33
CKH,42.75
CL,75.44
CLA,13.73
CLA.S,10.45
CLA.U,14.61
CLA.W,3.2
CLB,36.23
CLDR,16.34
CLDT,14.43
CLF,14
CLGX,85.44
CLH,86.96
CLI,14.21
CLI.S,11.12
CLI.U,18.68
CLI.W,3.8
CLII,16.79
CLN-G,24.925
CLN-H,24.14
CLN-I,24.15
CLN-J,24.37
CLNC,8.57
CLNY,6.08
CLPR,8.85
CLR,24.88
CLS,8.45
CLVT,23.01
CLW,35.76
CLX,181.51
CM,93.73
CMA,69.84
CMC,26.06
CMCM,2.88
CMD,75
CMG,1444.83
CMI,256.25
CMO,5.8
CMO-E,25.025
CMP,64.58
CMR-C,25.86
CMR-D,25.75
CMR-E,25.92
CMRE,9.83
CMS,54.58
CMS-B,110
CMSA,25.79
CMSC,26.66
CMSD,26.59
CMU,4.49
CNA,43.25
CNC,59.01
CND,10.17
CND.U,10.8
CND.W,1.45
CNF,3.5
CNHI,14.95
CNI,110.47
CNK,23.28
CNMD,124.4
CNNE,39.05
CNO,24.51
CNO-A,25.28
CNP,19.8
CNP-B,37.18
CNQ,27.86
CNR,11.79
CNS,65
CNX,12.85
CO,4.31
COD-A,24.89
COD-B,25.2
COD-C,25.35
CODI,24.03
COE,25.73
COF,122.38
COF-G,25.38
COF-H,25.76
COF-I,25.03
COF-J,24.4
COF-K,25.41
COG,18.65
COLD,35.52
COO,387.76
COP,53.47
COR,122.37
COR-Z,18.49
CORR,7.78
COTY,7.95
CP,362.01
CPA,93.4
CPAC,8.7
CPB,45.49
CPE,26.34
CPF,23.18
CPG,3.75
CPK,106.85
CPLG,9.4
CPRI,47.71
CPS,36.97
CPS.U,11.15
CPS.W,1.52
CPSR,10.3
CPT,106
CPT.U,10.15
CPU.U,10.85
CR,85.26
CRC,26.74
CRD.A,9.56
CRD.B,9.38
CRH,43.66
CRH.U,11.08
CRH.W,2.2
CRHC,10.6
CRI,83.93
CRK,5.83
CRL,290
CRM,219.9
CRS,42.05
CRT,8.83
CRU,10.45
CRU.U,11.03
CRU.W,2.52
CRY,25.67
CS,14.6
CSL,147.53
CSLT,1.69
CSPR,8.75
CSR,69.6
CSR-C,26.28
CST.U,10.5
CSTM,13.69
CSU,32.15
CSV,33.55
CTA-A,85.77
CTA-B,104.61
CTA.U,11.07
CTA.W,1.85
CTAC,10.76
CTB,58.16
CTBB,25.3
CTDD,26.05
CTK,4.19
CTLT,114.78
CTO,53.16
CTR,18.58
CTS,32.76
CTT,10.34
CTVA,45.82
CUB,69.59
CUB-C,25.1
CUB-D,24.785
CUB-E,24.69
CUB-F,24.6
CUBB,25.8
CUBE,37.19
CUBI,27.4
CUK,23.6
CULP,17.68
CURO,14.95
CUZ,34.29
CVA,14.3
CVE,7.57
CVE.W,3.95
CVEO,18.34
CVI,22.9
CVI.U,10.58
CVNA,289.12
CVS,68.42
CVX,102.46
CW,112.92
CWE.A,26.5
CWEN,28.15
CWH,32.43
CWK,15.87
CWT,55.48
CX,6.76
CXE,5.07
CXH,9.72
CXP,14.5
CXW,7.29
CYD,15.31
CYH,8.75
CZZ,18.8
D,69.41
DAC,42.36
DAL,49.47
DAN,24.46
DAO,32
DAR,64.46
DASH,171.44
DAVA,88.95
DB,12.58
DBD,14.6
DBI,12.94
DBL,19.7
DCF,9.03
DCI,59.57
DCO,56.77
DCP,22.2
DCP-B,22.53
DCP-C,22.99
DCUE,93.5
DD,71.32
DDD,38.7
DDF,9.73
DDS,80.8
DDT,25.64
DE,355.06
DEA,22.12
DECK,330.99
DEH,10.33
DEH.W,1.33
DEI,33.23
DELL,81.08
DEN,43.19
DEO,159.08
DESP,12.14
DEX,9.6
DFIN,26.25
DFN.U,11.25
DFN.W,2
DFNS,10.42
DFP,28.72
DFS,96.44
DG,189.26
DGN.U,10.96
DGN.W,2.51
DGNR,10.75
DGX,116.63
DHF,3.06
DHI,78.41
DHR,220.92
DHR-A,1537.7
DHR-B,1318.42
DHT,5.73
DHX,3.12
DIAX,15.37
DIN,80.42
DIS,193.24
DK,25.27
DKL,36.51
DKS,72.31
DL,9.65
DLB,98.83
DLN-A,24.5
DLN-B,20.79
DLNG,2.86
DLR,135.59
DLR-C,25.51
DLR-J,25.86
DLR-K,27.18
DLR-L,26.27
DLX,40.44
DLY,19.2
DM,20.46
DM.W,9.35
DMB,13.97
DMO,14.82
DMS,11.2
DMS.W,2.2
DMY.D,15.84
DMY.S,20.16
DMY.T,5.96
DMY.V,4.6
DMYD,19.84
DMYI,14.61
DNB,22.08
DNK,2.58
DNM.W,25.5
DNMR,40.49
DNOW,11.16
DNP,10.45
DNZ.U,10.24
DOC,17.23
DOOR,112.66
DOV,124.41
DOW,61.15
DPG,13.15
DPZ,349.56
DQ,109.17
DRD,9.15
DRE,39.63
DRH,10.5
DRH-A,26.67
DRI,139.12
DRQ,34.34
DRUA,25.45
DS,2.7
DS-B,20.04
DS-C,20.35
DS-D,20.14
DSE,6.91
DSL,17.6
DSM,7.85
DSSI,8.23
DSU,10.75
DSX,3.08
DSX-B,25.65
DT,50.71
DTB,24.75
DTE,118.43
DTF,14.16
DTJ,25.41
DTL.P,12.94
DTP,46.5
DTW,25.94
DTY,25.67
DUC,10.46
DUK,86
DUK-A,26.78
DUKB,26.73
DUKH,25.45
DVA,103.22
DVD,2.21
DVN,22.05
DWI.U,10.55
DWI.W,0.98
DWIN,10.08
DX,19.13
DX-C,25.24
DXC,25.77
DY,78.86
DYFN,18.65
E,23.02
EAF,12.3
EAI,25.4
EARN,12.38
EAT,70.21
EB,20.48
EBF,20.21
EBR,5.75
EBR.B,5.76
EBS,98.78
EC,12.5
ECC,11.13
ECCB,25.58
ECCX,25.35
ECCY,25.44
ECL,210.8
ECOM,23.14
ED,66.13
EDD,6
EDF,8.69
EDI,8.86
EDN,3.95
EDU,180.94
EEA,10.64
EEX,5.62
EFC,16
EFC-A,22.99
EFF,15.78
EFL,9.22
EFR,13.45
EFT,13.98
EFX,163.25
EGF,12.9
EGHT,34.68
EGO,10.74
EGP,138.43
EGY,3.36
EHC,81.36
EHI,10.1
EHT,9.85
EIC,15.33
EIG,33.8
EIX,54.6
EL,290.78
ELAN,33.2
ELAT,50.86
ELC,25.59
ELF,26.32
ELP,10.57
ELS,62.47
ELVT,4.18
ELY,28.65
EMD,13.1
EME,99.77
EMF,19.91
EMN,111.09
EMO,17.22
EMP,25.55
EMP.U,10.49
EMP.W,1.2
EMPW,10.2
EMR,87.07
ENB,34.41
ENBA,26.93
ENBL,6.78
ENIA,7.66
ENIC,3.89
ENJ,25.49
ENLC,4.02
ENO,25.48
ENP.U,26
ENP.W,3.16
ENPC,25.58
ENR,42.78
ENR-A,90.2
ENS,92.51
ENV,64.89
ENVA,31.77
ENZ,2.94
EOD,5.29
EOG,65.46
EOI,16.61
EOS,22.21
EOT,21.78
EP-C,49.99
EPAC,25.12
EPAM,378
EPC,31.03
EPD,21.75
EPR,46.28
EPR-C,24.58
EPR-E,33.49
EPR-G,23.6
EPRT,23.35
EPW.U,10.42
EQC,28.44
EQC-D,30.07
EQD,10.57
EQD.U,11
EQD.W,1.79
EQH,30.05
EQH-A,25.68
EQH-C,24.82
EQH.U,10.19
EQNR,19.16
EQR,66.58
EQS,1.8
EQT,18.09
ERF,4.96
ERJ,8.86
ES,80.04
ESE,107.51
ESGC,1.9
ESI,18.34
ESNT,42.13
ESRT,11.32
ESS,258.45
ESTC,136.4
ESTE,7.34
ET,7.95
ETB,14.89
ETG,18.3
ETH,25.97
ETI.P,26.62
ETJ,10.63
ETM,4.58
ETN,132.01
ETO,25.23
ETP-C,21.81
ETP-D,22.75
ETP-E,22.69
ETR,87.93
ETRN,7.35
ETV,15.09
ETW,9.73
ETW.W,1.77
ETWO,9.42
ETX,21.98
ETY,12.42
EURN,8.9
EVA,52.59
EVC,3.15
EVF,6.64
EVG,13.15
EVH,20.84
EVN,13.23
EVR,122.47
EVRG,54.17
EVRI,15.39
EVT,24.45
EVTC,39.05
EW,83.99
EXD,10.25
EXG,8.91
EXK,6.14
EXP,127.65
EXPR,2.82
EXR,126.82
EXTN,5.54
F,11.87
F-B,26.31
F-C,26.1
FAF,53.18
FAI.U,10.55
FAI.W,1.54
FAII,10.3
FAM,10.05
FBC,44.15
FBHS,83.99
FBK,43.14
FBP,10.77
FC,26.25
FCA.U,10.37
FCF,13.7
FCN,116.05
FCPT,27.62
FCRW,25.85
FCRZ,25.48
FCT,12.14
FCX,35.05
FDEU,12.25
FDP,25.81
FDS,305.9
FDX,258.71
FE,33.64
FEDU,1.49
FEI,6.47
FENG,1.81
FEO,14.91
FET,21.93
FF,14.96
FFA,17.87
FFC,22.15
FFG,57.75
FGB,3.73
FGN.U,10.85
FGN.W,1.3501
FGNA,10.2
FHI,27.51
FHN,16.58
FHN-A,25.5
FHN-B,27.02
FHN-C,26.56
FHN-D,26.28
FHN-E,26.91
FI,4.62
FICO,469.38
FIF,11.26
FINS,17.36
FINV,5.8
FIS,139.88
FIV,9.3
FIX,63.49
FL,49.21
FLC,22.98
FLNG,8.84
FLO,21.78
FLOW,62.72
FLR,17.71
FLS,37.94
FLT,281.7
FLY,12.35
FMA.U,12.12
FMA.W,2.6
FMAC,11.06
FMC,102.91
FMN,14.22
FMO,8.71
FMS,35.13
FMX,68.91
FMY,13.66
FN,90.1
FNB,12.15
FNB-E,27.61
FND,95.93
FNF,38.85
FNV,107.7
FOE,16.03
FOF,13.2
FOR,21.36
FOUR,78.66
FPA.U,10.85
FPA.W,1.97
FPAC,10.24
FPF,23.02
FPH,6.57
FPI,12.1
FPI-B,25.93
FPL,4.84
FR,43.31
FRA,12.87
FRC,167.48
FRC-G,25.33
FRC-H,25.5
FRC-I,26.4
FRC-J,25.57
FRC-K,24.53
FRC-L,25.3
FRO,6.94
FRT,103.19
FRT-C,25.98
FRX,13.07
FRX.U,14.5
FRX.W,4.2
FSD,14.88
FSK,19.64
FSKR,18.88
FSLF,14.45
FSLY,75.55
FSM,7.63
FSR,26.53
FSR.W,14.57
FSS,37.14
FST,11.36
FST.U,12.37
FST.W,2.15
FT,7.35
FTA-A,25.21
FTA-B,24.91
FTAI,27.32
FTCH,65.28
FTHY,19.74
FTI,8.23
FTK,2.3
FTS,38.91
FTV,66.74
FTV-A,964.78
FUBO,37.25
FUL,57.15
FUN,49.92
FUS.U,11.69
FUS.W,2.03
FUSE,10.92
FVRR,279.5
FVT,10.15
FVT.U,10.44
FVT.W,1.96
G,40.95
GAB,6.7
GAB-G,25.5785
GAB-H,25.57
GAB-J,25.73
GAB-K,25.95
GAM,38.2
GAM-B,27.37
GATO,14.49
GATX,97.14
GB,13
GB.W,1.6
GBAB,24.4
GBL,19.52
GBX,48.38
GCI,5.08
GCO,46.38
GCP,25.19
GCV,6.28
GD,165
GDDY,82.51
GDL,8.84
GDL-C,50.95
GDO,17.83
GDOT,48.33
GDV,22.92
GDV-G,25.73
GDV-H,27.25
GE,12.92
GEF,49.33
GEF.B,50.42
GEL,8.07
GEN,0.798
GEO,7.38
GER,8.89
GES,25.78
GF,20.7
GFF,25.18
GFI,8.36
GFL,31.37
GFLU,74.97
GFX,10.3
GFX.U,10.85
GFX.W,1.55
GGB,4.74
GGG,70.05
GGM,20.17
GGT,9.41
GGT-E,25.8
GGT-G,25.89
GGZ,14.11
GGZ-A,26.07
GHC,607.52
GHG,13.05
GHL,15.6
GHLD,16.05
GHM,15.66
GHY,14.78
GIB,75.27
GIK,12.26
GIK.U,14.65
GIK.W,3.52
GIL,30.96
GIM,5.49
GIS,55.14
GIX,10.11
GIX.P,0.3814
GIX.U,11.34
GIX.W,1
GJH,10.3887
GJP,23.6813
GJT,20.95
GKOS,93.99
GL,95.07
GL-C,25.45
GLE.W,1
GLEO,10.4
GLO-A,21.07
GLO-B,20.37
GLO-C,20.65
GLO-G,24.38
GLOB,220.01
GLOG,5.81
GLOP,3.24
GLP,20.28
GLP-A,25.7
GLT,16.34
GLW,38.88
GM,52.41
GME,104.54
GMED,63.26
GMR-A,26.25
GMRE,13.59
GMS,37.29
GMTA,25.33
GNE,7.69
GNE-A,9.19
GNK,10.79
GNL,19
GNL-A,25.68
GNL-B,25.4
GNP.U,11.31
GNP.W,1.73
GNPK,10.52
GNRC,335
GNT,4.94
GNT-A,25.9
GNW,3.25
GOA.U,10.74
GOA.W,1.57
GOAC,10.25
GOF,20.88
GOL,7.8
GOLD,19
GOLF,42.77
GOOS,45.45
GPC,106.39
GPI,156.08
GPJA,26.27
GPK,16.06
GPM,6.91
GPMT,11.45
GPN,201.18
GPRK,16.65
GPS,25.55
GPX,13.47
GRA,59.46
GRC,33.09
GRP.U,58
GRUB,63.87
GRX,12.16
GS,325
GS-A,23.45
GS-C,24.1
GS-D,23.87
GS-J,26.51
GS-K,27.4
GS-N,25.37
GSA.U,13
GSA.W,3.6
GSAH,12.23
GSBD,18.45
GSK,33.88
GSL,16.05
GSL-B,25.15
GSLD,25.02
GSQ.U,10.45
GSX,103.95
GTES,15.25
GTLS,145.69
GTN,18.62
GTN.A,16.86
GTS,25.84
GTT,1.9
GTY,28.05
GUT,8.04
GUT-A,27.76
GUT-C,25.82
GVA,35.38
GWB,27.67
GWRE,112.7
GWW,376.12
H,90
HAE,127.67
HAL,22.33
HASI,57.31
HBB,17.89
HBI,17.98
HBM,7.32
HCA,173.88
HCC,19.69
HCHC,3.6
HCI,72.23
HCXY,26.22
HCXZ,25.34
HD,258.81
HDB,80.74
HE,35.22
HEI,128.45
HEI.A,118.28
HEP,17.38
HEQ,11.73
HES,66.31
HESM,21.38
HEXO,7.19
HFC,38.72
HFR-A,25.97
HFRO,10.5
HGH,26.94
HGLB,7.25
HGV,40.06
HHC,96.84
HHL.U,10.47
HI,47.34
HIE,8.82
HIG,51.45
HIG-G,27.95
HIG.U,10.73
HIG.W,1.72
HIGA,10.3
HII,178.08
HIL,2.52
HIM.W,6.5
HIMS,15.52
HIO,4.95
HIW,40.75
HIX,6.82
HKIB,5.7
HL,6.69
HL-B,54.15
HLF,45.5
HLI,63.5
HLT,125.72
HLX,5.07
HMC,28.3
HML-A,26.49
HMLP,15.54
HMN,38.98
HMY,3.88
HNGR,22.39
HNI,36.6
HNP,13.47
HOG,36.04
HOME,25.88
HON,204.33
HOV,59.33
HP,29.52
HPE,14.83
HPF,18.62
HPI,19
HPP,26.21
HPQ,29.37
HPR,11.05
HPS,16.77
HPX,10.62
HPX.U,11.1592
HPX.W,1.4701
HQH,24.96
HQL,21.3
HR,29.28
HRB,19.55
HRC,107.65
HRI,88.78
HRL,46.39
HRTG,9.87
HSBC,29.3
HSC,16.69
HSY,146.18
HT,11.5
HT-C,23.65
HT-D,23.23
HT-E,23.3
HTA,27.56
HTD,21.4
HTFA,25.25
HTGC,16.14
HTH,33.72
HTP.U,10.72
HTP.W,1.92
HTPA,10.3
HTY,5.86
HUBB,180.07
HUBS,522
HUM,381.47
HUN,27.78
HUYA,27.1
HVT,36.75
HVT.A,36.2299
HWM,28.91
HXL,55.52
HY,88.32
HYB,8.82
HYI,15.41
HYLN,15.7
HYT,11.47
HZA.U,11.1
HZA.W,1.79
HZAC,10.44
HZN,9.58
HZO,45.51
HZO.U,11.15
HZO.W,1.88
HZON,10.4
IAA,59.28
IAC.U,11.25
IAC.W,2.99
IACA,11.2
IAE,9.41
IAG,3.07
IBA,40
IBM,120.35
IBN,16.77
IBP,112.49
ICD,6.57
ICE,111.12
ICL,5.87
IDA,87.24
IDE,11.9
IDT,18.43
IEX,196.5
IFF,137.32
IFFT,49.46
IFN,20.75
IFS,35
IGA,8.98
IGD,5.43
IGI,21.29
IGR,7.34
IGT,18.76
IH,18.78
IHC,38.45
IHD,8.01
IHG,70.08
IHIT,9.1
IHTA,9.38
IIA.U,11.08
IIA.W,1.75
IIAC,10.52
IID,5.32
IIF,23.16
IIM,15.66
IIP-A,35.18
IIPR,199.66
IMAX,21.09
IMP.U,11.39
IMP.W,1.75
IMPX,10.55
INFO,90.88
INFY,17.42
ING,11.15
INGR,91.3
INN,10.73
INN-D,23.5
INN-E,23
INS-A,25.7
INSI,21
INSP,237.46
INSW,17.85
INT,31.69
INVH,29.6
IO,3.12
IP,50.3
IPG,26.52
IPI,31.01
IPO.D,15.33
IPO.E,21.59
IPO.F,15
IPO.V,4.65
IPO.Y,7.4
IPO.Z,4.9
IPOD,14.3
IPOE,19.74
IPOF,13.89
IPV,14.67
IPV.U,17.25
IPV.W,4.94
IQI,12.67
IQV,194.98
IR,47.04
IRL,10.76
IRM,35.2
IRR,3.04
IRS,4.19
IRT,14.26
ISD,15.5
IT,181.12
ITCB,5.38
ITGR,89.92
ITT,84.46
ITUB,4.55
ITW,203.67
IVA.U,11.19
IVC,9.28
IVH,13.45
IVR,3.99
IVR-A,24.59
IVR-B,24.6
IVR-C,24.24
IVZ,23.14
IX,84.97
J,116.99
JAX,8.92
JBGS,32.25
JBK,29.2496
JBL,43.96
JBT,150.36
JCE,14.46
JCI,56.36
JCO,8.37
JDD,9.08
JE,4.14
JEF,29.74
JELD,30.56
JEMD,7.85
JEQ,9.15
JFR,9.41
JGH,15.47
JHAA,9.91
JHB,9.37
JHG,29.99
JHI,17.74
JHS,15.66
JHX,29.21
JIH,13.37
JIH.U,14.61
JIH.W,3.1
JILL,5.02
JKS,53.59
JLL,177.21
JLS,20.25
JMIA,46.95
JMM,7.23
JMP,5.58
JNJ,161.45
JNPR,23.45
JOE,51.47
JOF,9.1
JP,2.63
JPC,9.19
JPI,23.96
JPM,149.52
JPM-C,27.27
JPM-D,26.51
JPM-G,25.62
JPM-H,25.55
JPM-J,25.93
JPS,9.38
JPT,24.22
JQC,6.46
JRI,14.47
JRO,9.24
JRS,9.16
JSD,13.76
JT,2.43
JTA,10.14
JTD,14.31
JW.A,53.1
JW.B,53.4799
JWN,37.03
JWS,14.45
JWS.U,15.515
JWS.W,3.28
K,57.2
KAI,177.05
KAMN,48.6
KAR,14.22
KB,39.18
KBH,41.17
KBR,31.69
KCA.U,11.1
KEN,28.51
KEP,10.21
KEX,63.82
KEY,20.42
KEY-I,28.45
KEY-J,25.99
KEY-K,26.46
KEYS,144.01
KF,43.04
KFS,4.69
KFY,62.61
KGC,6.33
KIM,18.7
KIM-L,25.75
KIM-M,25.71
KIO,15.39
KKR,46
KKR-A,25.68
KKR-B,25.43
KKR-C,64.33
KL,33.09
KMB,129.22
KMF,6.16
KMI,14.86
KMPR,76.64
KMT,38.2
KMX,120.81
KN,21.23
KNL,16.68
KNOP,16.94
KNX,43.78
KO,49.44
KODK,8.96
KOF,42.4
KOP,34.03
KOS,3.19
KR,32.07
KRA,38.59
KRC,64.7
KREF,18.77
KRG,19.49
KRO,14.66
KRP,10.47
KSM,11.67
KSS,56.3
KSU,215.12
KSU.P,38.18
KT,11.44
KTB,43.24
KTF,11.42
KTN,32.55
KUKE,6.95
KW,19.07
KWA.U,10.93
KWA.W,1.09
KWAC,10.2
KWR,286.17
KYN,7.07
L,48.62
LAC,19.31
LAD,382.71
LADR,11.71
LAIX,2.8
LAZ,39.33
LB,55.57
LBRT,11.98
LC,11.24
LCI,6.12
LCII,143.41
LDI,20.17
LDL,37.65
LDOS,89.69
LDP,24.97
LEA,169.25
LEA.U,14.9
LEA.W,4
LEAF,5.75
LEAP,14.46
LEE,2.15
LEG,43.78
LEJU,2.95
LEN,83.97
LEN.B,66.46
LEO,8.4
LEVI,23.45
LFC,10.57
LFT,3.32
LGF.A,14.92
LGF.B,12.71
LGI,18.55
LH,242
LHC,10.25
LHC.U,10.39
LHC.W,1.25
LHX,184.59
LII,282.73
LIN,247.43
LINX,6.89
LITB,3.9
LL,25.68
LLY,205.78
LMND,127
LMT,334
LNC,58.5
LND,4.22
LNF.U,10.8
LNF.W,1.35
LNFA,10.28
LNN,161
LOK.U,11.26
LOK.W,2.34
LOKB,10.51
LOMA,5.55
LOW,160.76
LPG,12.61
LPI,33.8
LPL,10.24
LPX,48.52
LRN,24.76
LSI,85.58
LSPD,71.3
LTC,41.47
LTHM,19.22
LU,15.44
LUB,3.19
LUMN,12.45
LUV,59.55
LVS,64.49
LW,80.95
LXFR,19.7
LXP,10.91
LXP-C,55.06
LXU,4.64
LYB,105.45
LYG,2.15
LYV,91.1
LZB,43.14
M,15.59
MA,360.68
MAA,136.04
MAA-I,65.57
MAC,13.27
MAIN,37
MAN,97.5
MANU,18.72
MAS,53.8
MATX,73
MAV,11.54
MAX,54.45
MAXR,50
MBI,7.47
MBT,8.42
MC,52.73
MCA,14.51
MCB,52.16
MCD,207.35
MCI,13.55
MCK,171.15
MCN,7.19
MCO,277.33
MCR,8.53
MCS,20.36
MCY,59.17
MD,24.75
MDC,57.34
MDH.U,10.2
MDLA,41.34
MDLQ,6.65
MDLX,6.46
MDLY,9.25
MDP,26.07
MDT,118
MDU,28.52
MEC,14.25
MED,257.22
MEG,49.46
MEI,39.76
MEN,11.82
MER-K,26.6
MET,58.74
MET-A,25.11
MET-E,26.48
MET-F,25.56
MFA,4.11
MFA-B,24.46
MFA-C,21.94
MFC,20.27
MFD,8.83
MFG,2.98
MFGP,5.94
MFL,14.12
MFM,6.66
MFT,14.36
MFV,6.1
MG,8.25
MGA,85.63
MGF,4.44
MGM,38.6
MGP,33.49
MGR,26.78
MGRB,25.06
MGU,20.61
MGY,12.5
MH-A,11.95
MH-C,11.44
MH-D,11.63
MHD,17
MHE,14.03
MHF,7.68
MHI,12.21
MHK,177.19
MHLA,21.08
MHN,13.95
MHNC,23.13
MHO,51.1
MIC,31.77
MIE,3.08
MIN,3.79
MIT-A,24.38
MIT-B,24.4
MIT-C,21.81
MIT.U,10.2
MITT,4.5
MIXT,13.94
MIY,14.44
MKC,84.79
MKC.V,84.15
MKL,1102.37
MLI,41.2
MLM,345.16
MLP,12.13
MLR,40.14
MMC,115.62
MMD,21.94
MMI,38.53
MMM,175.7
MMP,42.23
MMS,82.83
MMT,6.27
MMU,12.74
MN,7.5
MNP,15.4
MNR,17.52
MNR-C,25.13
MNRL,14.75
MNSO,27.65
MO,44.15
MOD,14.26
MODN,43.35
MOG.A,79.2
MOG.B,80
MOGU,2.17
MOH,219.06
MOS,30.37
MOT.U,10.78
MOT.W,1.83
MOTV,10.28
MOV,23.3
MP,46.79
MP.W,34.9
MPA,14.4
MPC,55.94
MPL.W,1.21
MPLN,7.17
MPLX,24.28
MPV,12.17
MPW,21.98
MPX,17.49
MQT,13.9
MQY,16.07
MRC,8.95
MRK,73.21
MRO,11.51
MS,78.28
MS-A,23.85
MS-E,28.48
MS-F,28.08
MS-I,28
MS-K,27.81
MS-L,25.83
MSA,162.67
MSB,26.8
MSC,14.67
MSCI,418.09
MSD,9
MSGE,110
MSGN,17.19
MSGS,195.02
MSI,176.73
MSM,87.12
MSP,23.68
MT,24.01
MTB,154.19
MTCN,57.55
MTD,1126.79
MTDR,21.42
MTG,12.47
MTH,85.29
MTL,1.88
MTL.P,0.5376
MTN,310
MTOR,31.14
MTR,4.9
MTRN,69.37
MTT,21.09
MTW,16.71
MTX,73.01
MTZ,89.65
MUA,14.37
MUC,14.86
MUE,13.39
MUFG,5.27
MUH,14.84
MUI,14.86
MUJ,14.4
MUR,16.9
MUS,13.11
MUSA,126.29
MUX,1.14
MVF,9.04
MVO,4.14
MVT,14.74
MWA,13.07
MX,19
MXE,9.49
MXF,13.29
MXL,39.97
MYC,14.68
MYD,14.23
MYE,22.56
MYF,13.84
MYI,14
MYJ,14.26
MYN,13.31
MYOV,22.55
MYTE,29.24
MZA,14.53
NAC,14.6
NAD,15.05
NAN,13.97
NAT,3.13
NAV,44.1
NAV-D,13.98
NAZ,15.24
NBB,22.55
NBHC,39.42
NBR,115.56
NBR-A,15.54
NC,25.17
NCA,10.45
NCB,15.42
NCLH,30.71
NCR,35.93
NCV,5.74
NCV-A,26.33
NCZ,5.07
NCZ-A,25.98
NDMO,15.9
NDP,16.68
NEA,14.57
NEE,74.64
NEE-K,25.42
NEE-N,27.48
NEE-O,56.5
NEE-P,49.09
NEE-Q,48.57
NEM,54.99
NEP,73.88
NET,75.48
NETI,20.51
NEU,382.51
NEV,15.82
NEW,7.29
NEWR,61.81
NEX,4.8
NEXA,9.58
NFG,45.89
NFH,11.19
NFH.W,2.54
NFJ,13.6
NGA,21.01
NGA.S,11
NGA.U,22.76
NGA.W,7.27
NGG,57.05
NGL,2.49
NGL-B,11.15
NGL-C,11.285
NGS,10.43
NGVC,14.28
NGVT,71.67
NHF,11.46
NHF-A,21.64
NHI,69.66
NI,21.94
NI-B,27.51
NID,13.88
NIE,28.55
NIM,10.34
NINE,3.55
NIO,48.55
NIQ,14.55
NJR,39.89
NJV,14.89
NKE,135.64
NKG,12.7
NKX,15.18
NL,5.7
NLS,18.8
NLSN,22.76
NLY,8.38
NLY-F,24.75
NLY-G,24.41
NLY-I,24.77
NM,6.33
NM-G,12.3
NM-H,13
NMCO,13.97
NMI,11.35
NMM,17.31
NMR,5.97
NMS,15.34
NMT,14.6
NMY,13.91
NMZ,14.22
NNA,3.92
NNI,73.58
NNN,44.66
NNN-F,25.31
NNY,9.67
NOA,11.98
NOAH,45.77
NOC,292.55
NOK,3.99
NOM,14.65
NOMD,23.89
NOV,15.39
NOVA,46.12
NOW,544.82
NP,56.02
NPK,102.38
NPN,14.35
NPO,81.42
NPTN,9.83
NPV,15.8
NQP,14.15
NR,3.54
NREF,19.24
NRG,42.98
NRGX,10.2
NRK,13.52
NRP,17.51
NRT,3.8
NRUC,26.35
NRZ,10.44
NRZ-A,24.23
NRZ-B,23.5
NRZ-C,21.73
NS,18.37
NS-A,21
NS-B,18.4
NS-C,22.72
NSA,39.21
NSA-A,26.302
NSC,255.59
NSC.W,1.5
NSCO,8.13
NSH,11.98
NSH.U,12.82
NSH.W,2.4501
NSL,5.52
NSP,90.01
NSS,22.73
NST.U,10.71
NST.W,1.89
NSTB,10.32
NTB,37.13
NTCO,16.64
NTEST.I,25.1
NTG,24.68
NTP,9.15
NTR,55
NTST,17.83
NTZ,11.7316
NUE,61.3
NUO,15.27
NUS,51.66
NUV,11.06
NUV.W,2.41
NUVB,10
NUW,16.88
NVG,16.46
NVGS,10.33
NVO,72.53
NVR,4528
NVRO,166.87
NVS,86.55
NVST,39.1
NVT,26.94
NVTA,41.64
NWG,5.14
NWHM,4.75
NWN,48.76
NX,24.9
NXC,16.15
NXJ,14.13
NXN,14.4
NXP,17.1
NXQ,17.18
NXR,16.48
NXRT,41.61
NXU.U,10.68
NYC,9.92
NYC-A,27.91
NYC-U,46.66
NYCB,12.48
NYT,51.9
NYV,14.67
NZF,16.07
O,61.17
OAC.S,10.77
OAC.Z,2.1
OACB,10.66
OAK-A,26.31
OAK-B,25.97
OC,82.44
OCA,10.17
OCA.U,11.08
OCA.W,1.48
OCFT,18.53
OCN,28.32
ODC,34.48
OEC,18.1
OFC,26.41
OFG,19.6
OFG-A,25.51
OFG-B,25.38
OFG-D,26.003
OGE,29.79
OGS,68.23
OHI,37.97
OI,12
OIA,7.87
OIB.C,1.62
OII,12.5
OIS,7.58
OKE,45.51
OLN,31.62
OLP,21.82
OMC,69.44
OMF,48
OMI,34.12
ONE,3.53
ONTF,60.98
ONTO,63.64
OOMA,16
OPP,14.8
OPP-A,23.26
OPY,38.49
OR,10.05
ORA,83.14
ORAN,11.64
ORC,5.79
ORCC,14.24
ORCL,64.95
ORI,19.75
ORN,5.96
OSG,2.23
OSH,52.9
OSK,108.02
OTIS,64.12
OUT,20.64
OVV,23.75
OXM,78.35
OXY,27.37
OXY.W,12.93
PAC,103.49
PAC.U,10.79
PAC.W,1.86
PACE,10.56
PACK,18.44
PAG,69.68
PAGS,59.19
PAI,15.03
PAM,13.46
PANW,364.26
PAR,88.64
PARR,18.4
PAYC,384.33
PB,74.51
PBA,25.96
PBC,25.97
PBF,14.74
PBFX,12.44
PBH,42.13
PBI,8.68
PBI-B,22.61
PBR,7.95
PBR.A,7.94
PBT,4.18
PBY,25.98
PCF,8.34
PCG,10.68
PCGU,104.33
PCI,21.79
PCK,8.91
PCM,11.03
PCN,17.42
PCP.S,26.19
PCP.T,2.8
PCPC,25.24
PCQ,17.99
PD,45.61
PDA.U,13.9
PDA.W,3.15
PDAC,12.35
PDI,27.71
PDM,17.41
PDO,20.9
PDS,23.97
PDT,14.22
PEAK,29.47
PEB,23.6
PEB-C,23.43
PEB-D,23.5
PEB-E,23.45
PEB-F,23
PEG,54.27
PEI,2.02
PEI-B,8.3
PEI-C,8.82
PEI-D,8.3
PEN,288.11
PEO,14.24
PFD,17.65
PFE,33.59
PFGC,55.58
PFH,24.97
PFL,11.71
PFN,10.27
PFO,12.5
PFS,20.59
PFSI,60.39
PG,124.22
PGP,10.46
PGR,86.48
PGRE,9.51
PGTI,24.1
PGZ,13.52
PH,292.15
PHD,11.18
PHG,54.91
PHI,26.74
PHK,6.29
PHM,45.79
PHR,62.74
PHT,9.23
PHX,3.57
PIA.U,10.84
PIA.W,1.7547
PIAI,10.37
PIC.U,10.45
PII,120.08
PIM,4.2
PINE,18.8
PING,24.1
PINS,82.57
PIP.U,11.92
PIP.W,2.71
PIPP,11.2
PIPR,107.92
PJT,70.45
PK,22.67
PKE,14.05
PKG,133.25
PKI,127.81
PKO,26.03
PKX,62.05
PLAN,66
PLD,100.11
PLNT,87.92
PLOW,49.08
PLT,41.64
PLTR,25.19
PLYM,15.29
PM,84.73
PMF,14
PML,14.42
PMM,8.15
PMO,13.43
PMT,19.46
PMT-A,25.1
PMT-B,25
PMV.U,11.15
PMV.W,1.4
PMVC,10.28
PMX,12.14
PNC,171.37
PNC-P,26.19
PNF,12.15
PNI,11.12
PNM,48.26
PNR,56.39
PNT.U,10.3
PNW,71.48
POR,42.5
POST,96.93
PPG,136.03
PPL,26.54
PPR,4.64
PPT,4.77
PPX,25.35
PQG,16.5
PRA,25.17
PRE-G,25.2
PRE-H,25.27
PRE-I,25.189
PRG,51.41
PRGO,44.99
PRI,143.94
PRI-A,24.5
PRI-B,25.27
PRI-C,25
PRI-D,25.18
PRI-E,24.57
PRI-F,24.91
PRLB,149.92
PRMW,14.51
PRO,48.32
PROS,12.71
PRP.U,10.425
PRP.W,2
PRPB,10.89
PRS,26.52
PRSP,29.2
PRT,5.04
PRTY,7.86
PRU,88.52
PSA,236
PSA-C,25.415
PSA-D,25.61
PSA-E,25.38
PSA-F,25.71
PSA-G,25.58
PSA-H,27.5
PSA-I,26.37
PSA-J,25.6
PSA-K,26.3
PSA-L,25.5
PSA-M,25.24
PSA-N,24.8
PSA-O,25.28
PSB,146.74
PSB-W,25.74
PSB-X,25.76
PSB-Y,25.84
PSB-Z,25.54
PSF,27.22
PSN,36.01
PSO,10.59
PST.W,13.48
PSTG,24.02
PSTH,29.4
PSTL,16.16
PSX,85.05
PSXP,28.3
PTA,25
PTR,36.39
PTY,17.94
PUK,40.21
PUK-A,26.59
PUK.P,26.67
PUMP,11.92
PV.U,10.85
PVG,9.84
PVH,102.27
PVL,1.43
PWR,85.68
PXD,148.88
PYN,9.25
PYS,21.01
PZC,10.33
PZN,9.47
QD,2.26
QEP,3.5
QFT.U,10.23
QGEN,50.08
QS,57.08
QS.W,46
QSR,60.7
QTS,62.4
QTS-A,26.36
QTS-B,139.95
QTWO,124.16
QUAD,4.39
QUOT,13.63
QVCC,24.9
QVCD,25.08
R,69.31
RA,20.33
RAAS,20.25
RACE,195
RAD,20.22
RAMP,64.5
RBA,55.1
RBA.U,10.84
RBA.W,2
RBAC,10.52
RBC,139.29
RC,13.43
RCA,25.74
RCB,25.78
RCC,26.4
RCI,43.84
RCL,92.78
RCP,25.22
RCS,7.37
RCUS,35.59
RDN,20.87
RDS.A,41.08
RDS.B,38.92
RDY,60.64
RE,244.61
RELX,23.9
RENN,8.41
RES,6.53
REV,11.68
REVG,12.73
REX,96.54
REX-A,25.25
REX-B,25.4999
REX-C,25.7
REXR,48.42
REZI,24.63
RF,21.13
RF-A,25.65
RF-B,27.19
RF-C,27
RFI,14.12
RFL,36.89
RFM,21.35
RFMZ,20.15
RFP,9.46
RGA,125.78
RGR,69.36
RGS,12.1
RGT,13.74
RH,505.76
RHI,78.13
RHP,79.87
RIC.U,11.86
RIC.W,2.4
RICE,10.95
RIG,3.6
RIO,88.21
RIV,17.11
RJF,119.2
RKT,22.96
RL,119.03
RLGY,15.25
RLH,3.46
RLI,105.9
RLJ,16.18
RLJ-A,25.69
RLX,18.42
RM,33
RMAX,41.3
RMD,194.34
RMI,21.19
RMM,18
RMO,12.8
RMO.W,1.89
RMP.P,25.26
RMT,11.93
RNG,383
RNGR,5.61
RNP,23.38
RNR,167.29
RNR-E,25.2
RNR-F,26.89
ROG,184.81
ROK,245.51
ROL,33.26
ROP,379.73
ROT.U,10.31
RPAI,10.77
RPL.U,10.65
RPL.W,1.14
RPLA,10.18
RPM,80.34
RPT,11.13
RPT-D,54.11
RQI,13.03
RRC,9.87
RRD,3.57
RS,135.08
RSF,17.44
RSG,89.77
RSI,16.33
RSI.W,4.9
RTP,12.39
RTP.S,12.45
RTP.T,3.15
RTP.U,13
RTP.W,3.66
RTPZ,12.64
RTX,73.51
RVI,17.09
RVLV,46.7
RVT,18.19
RWT,10.12
RXN,45.87
RY,86.31
RYAM,9.5
RYB,3.18
RYI,13.22
RYN,33.23
RZA,26.3
RZB,27.66
SA,17.38
SAF,25.5
SAFE,77.09
SAH,47
SAIC,86.95
SAIL,58.55
SAK,26.405
SAM,1049.19
SAN,3.51
SAND,6.18
SAP,124
SAR,23.17
SAVE,37.25
SB,2.81
SB-C,22
SB-D,22.04
SBBA,25.075
SBG,10.25
SBG.U,10.92
SBG.W,1.5
SBH,16.53
SBI,9.16
SBOW,8.21
SBR,33.13
SBS,6.57
SBSW,19.1
SC,25.63
SCCO,72.82
SCD,12.27
SCE-G,24.31
SCE-H,24.74
SCE-J,24.16
SCE-K,24.99
SCE-L,23.53
SCH-C,25.44
SCH-D,25.39
SCHW,62.59
SCI,48.41
SCL,122.37
SCM,11.66
SCP.U,11.11
SCP.W,1.53
SCPE,10.31
SCS,14.25
SCU,21.09
SCV.U,11.91
SCV.W,2.1
SCVX,10.74
SCX,6.35
SD,5.28
SDHY,19.35
SE,250.75
SEA.U,10.94
SEA.W,1.6
SEAH,10.33
SEAS,50.4
SEE,42.34
SEM,32.5
SF,62.45
SF-A,25.43
SF-B,26.58
SF-C,26.73
SFB,25.3
SFE,7.67
SFL,7.67
SFT.U,14.2
SFT.W,3.18
SFTW,12.38
SFUN,13.1
SGFY,34.79
SGU,9.68
SHAK,118.66
SHG,29.53
SHI,24.4
SHLX,11.33
SHO,13.54
SHO-E,24.75
SHO-F,24.8
SHOP,1315
SHW,685
SI,135
SID,6.04
SIG,50.69
SII,37
SIT-A,25.3
SIT-K,25.1347
SITC,13.62
SITE,160
SIX,46.16
SJI,25.64
SJIJ,25.14
SJIU,43.17
SJM,112.09
SJR,17.63
SJT,3.92
SJW,63.64
SKL.W,21.28
SKLZ,33.91
SKM,24.51
SKT,15.99
SKX,37.26
SKY,45.56
SLA.U,10.9
SLB,28.76
SLCA,13.72
SLF,48.93
SLG,70.3
SLG-I,25.45
SLQT,31.08
SM,14.45
SMAR,70.48
SMFG,7.13
SMG,215.26
SMHI,4.06
SMLP,20.41
SMM,4.91
SMP,42.35
SNA,206
SNAP,66.93
SNDR,23.49
SNE,107.33
SNN,39.23
SNOW,269.3
SNP,55.55
SNP.U,13.84
SNP.W,3.79
SNPR,12.94
SNR,6.14
SNV,43.4
SNV-D,26.35
SNV-E,26.48
SNX,91.17
SO,57.33
SOA.U,11.26
SOA.W,1.94
SOAC,10.6
SOGO,8.23
SOI,12.36
SOJB,25.795
SOJC,26.19
SOJD,25.81
SOJE,23.71
SOL,15.61
SOLN,48.5
SON,60.22
SOR,42.05
SOS,6.06
SPA.U,10.55
SPB,78.95
SPCE,38.93
SPE,14.73
SPE-B,27.31
SPF.U,11.2001
SPF.W,2.48
SPFR,10.85
SPG,116.2
SPG-J,68.84
SPGI,331.52
SPH,14.99
SPL-A,20.5
SPLP,13.53
SPN.U,11.56
SPN.W,2.4
SPNV,11.08
SPOT,313
SPR,44.97
SPR.U,13
SPR.W,2.04
SPRQ,11.97
SPXC,56.99
SPXX,15.75
SQ,238.08
SQM,54.91
SQNS,6.76
SQZ,16.23
SR,67.37
SR-A,26.87
SRC,43.79
SRC-A,25.74
SRE,116.65
SRE-B,97.67
SREA,26.65
SRG,21.3
SRG-A,20.55
SRI,31.32
SRL,9
SRLP,21.72
SRT,8.27
SRV,23.81
SSD,99.25
SSL,13.02
SSTK,89.47
ST,58.77
STA-C,25.35
STA-D,25.5
STA-G,25.2
STA-I,25.2069
STAG,31.88
STAR,18.05
STC,48.01
STE,176.05
STG,1.21
STI.U,13.71
STI.W,3.52
STIC,13.19
STK,30.18
STL,22.4
STL-A,25.74
STLA,16.6
STM,37.69
STN,39.98
STNG,15.32
STON,2.1
STOR,34.17
STP.S,11.49
STP.U,42.26
STP.W,21.1
STPC,11.25
STPK,35.88
STT,74.61
STT-D,27.78
STT-G,28.12
STWD,23.35
STZ,217.04
STZ.B,220.171
SU,20.32
SUI,153.82
SUM,28.58
SUN,31.15
SUP,5.91
SUPV,1.9
SUZ,13.65
SWB.U,11.44
SWCH,17.53
SWI,16.49
SWK,176.72
SWM,47.53
SWN,4.13
SWT,109.685
SWX,63.35
SWZ,8.91
SXC,6.61
SXI,99.65
SXT,79.19
SYF,39.46
SYF-A,26.15
SYK,245.3
SYX,36.62
SYY,80.45
SZC,40.52
T,28.16
T-A,25.41
T-C,24.46
TAC,8.85
TAC.U,10.9
TAC.W,1.51
TACA,10.21
TAK,16.93
TAL,80.39
TALO,11
TAP,45.32
TAP.A,50.5
TARO,72
TBA,11.77
TBB,25.71
TBC,26.42
TBI,21.11
TCI,21.53
TCP,29.22
TCS,15.51
TD,61.44
TDA,24.69
TDC,40.03
TDE,25.15
TDF,25.35
TDG,588.06
TDI,25.1
TDJ,25.43
TDOC,227
TDS,18.14
TDW,12.91
TDW.A,1.35
TDW.B,1.1
TDY,376.62
TEAF,14
TECK,21.37
TEF,4.45
TEI,7.5
TEL,131.56
TEN,11.5
TEO,5.98
TEVA,10.98
TEX,42.2
TFC,58.26
TFC-H,25.19
TFC-I,25.21
TFC-O,26.28
TFC-R,25.41
TFII,70.59
TFSA,25.45
TFX,400.82
TG,15.55
TGH,26.62
TGI,15.2
TGNA,18.2
TGP,13.89
TGP-A,25.88
TGP-B,25.81
TGS,4.7
TGT,185.76
THC,51.42
THG,117.76
THO,119.08
THQ,21.25
THR,20.9
THS,50.3
THW,16.75
TIMB,11.49
TIN.U,11.44
TIN.W,2.25
TINV,10.65
TISI,11.5
TIXT,29.76
TJX,66.66
TK,3.28
TKC,5.59
TKR,79.96
TLG.U,10.1
TLK,24.39
TLYS,10.47
TM,149.21
TMA.U,10.21
TME,26.5
TMHC,28.11
TMO,454.19
TMST,8.74
TMX,45.55
TNC,77.02
TNET,81.74
TNK,12.79
TNL,61.81
TNP,9.43
TNP-D,23.52
TNP-E,22.65
TNP-F,22.68
TOL,54.36
TOT,46.74
TPB,50.04
TPC,15.21
TPG.U,22.47
TPG.W,7.34
TPGY,22.04
TPH,19.44
TPL,1121
TPR,42.96
TPVG,14.45
TPVY,25.41
TPX,34.21
TPZ,11.76
TR,31.07
TRC,16.65
TRE.U,11.32
TRE.W,2.31
TREB,10.72
TREC,7.37
TREX,93.4
TRGP,31.78
TRI,87.57
TRN,32.78
TRNO,56.53
TROX,19.02
TRP,42.34
TRQ,15.55
TRT-A,27.83
TRT-B,27.16
TRT-C,26.27
TRT-D,25.97
TRTN,58.96
TRTX,10.74
TRU,85.33
TRV,147
TS,21.23
TSE,66.48
TSI,5.62
TSLX,22.15
TSM,129.63
TSN,68.28
TSQ,10.71
TT,155.41
TTC,101.95
TTI,2.62
TTM,22.46
TTP,19.84
TU,20.28
TUFN,12.59
TUP,31.38
TV,7.57
TVC,25.31
TVE,25.26
TWI,8.56
TWLO,405.03
TWN,28.5
TWN.U,11.5
TWN.W,2.25
TWND,10.79
TWO,7.38
TWO-A,25.3702
TWO-B,24.68
TWO-C,23.7
TWO-D,25.31
TWO-E,25.3
TWTR,78.36
TX,32.2
TXT,51.37
TY,31.13
TY.P,55.86
TYG,23.85
TYL,466.08
U,110.01
UA,18.65
UAA,22.32
UAN,26.15
UBA,16.25
UBER,53.67
UBP,13.6
UBP-H,24.8067
UBP-K,24.16
UBS,15.71
UDR,41.83
UE,16.9
UFI,24.95
UFS,36
UGI,39.06
UGP,3.43
UHS,125.94
UHT,62.71
UI,322.59
UIS,24.84
UL,52.69
UMC,10.1
UMH,17.33
UMH-C,25.08
UMH-D,24.6
UNF,242.03
UNFI,26.76
UNH,334.36
UNM,27.12
UNMA,26.35
UNP,208.58
UNVR,20.34
UPS,159.55
URI,304.11
USA,7.37
USAC,14.56
USB,51.02
USB-A,915.32
USB-H,23.5
USB-M,26.21
USB-P,27.18
USB-Q,23.73
USB-R,24.74
USDP,4.86
USFD,37.38
USM,29.45
USNA,97.75
USPH,119.21
USX,9.58
UTF,25.84
UTI,6.24
UTL,42.46
UTZ,25.81
UVE,15.11
UVV,51.89
UWM.W,1.64
UWMC,7.98
UZA,25.45
UZB,25.21
UZC,25.15
UZD,25.27
UZE,24.52
V,214.97
VAC,174.03
VALE,17.36
VAPO,24.45
VAR,175.3
VBF,19.83
VCIF,10.32
VCRA,43.64
VCV,12.91
VEC,55.78
VEDL,11.68
VEEV,287.93
VEL,7.11
VER,39.94
VER-F,25.25
VET,6.51
VFC,80
VGA.U,12.57
VGA.W,2.63
VGAC,11.59
VGI,11.95
VGM,13.24
VGR,13.94
VHC,7.16
VHI,18.93
VIAO,13.44
VICI,29.18
VIPS,37.77
VIST,2.85
VIV,7.86
VKQ,12.89
VLO,78.5
VLRS,15.33
VLT,13.71
VMC,169.73
VMI,240
VMO,13.04
VMW,138.51
VNCE,9.02
VNE,27.9
VNO,43.87
VNO-K,25.18
VNO-L,25.05
VNO-M,25
VNO-N,24.84
VNT,31.73
VNTR,3.9
VOC,3
VOY-B,26.38
VOYA,61.28
VPG,32.9
VPV,12.58
VRS,12.85
VRT,21
VRTV,24.37
VSH,24.55
VST,18.01
VST.A,0.38
VSTO,32.96
VTA,11.01
VTN,13
VTOL,27.29
VTR,53.79
VVI,42.8
VVNT,17.48
VVR,4.17
VVV,25.42
VYG.U,12.04
VYG.W,2.75
VYGG,11.5
VZ,55.49
W,293.5
WAB,73.23
WAL,94.03
WALA,25.55
WAT,275.83
WBAI,22.58
WBK,18.75
WBS,56.67
WBS-F,25.23
WBT,16.57
WCC,82.56
WCC-A,30.68
WCN,98.45
WD,101.7
WDR,25.1
WEA,13.96
WEC,81.24
WEI,1.64
WELL,69.52
WES,17.45
WEX,210
WF,25.38
WFC,37.11
WFC-A,24.58
WFC-C,24.63
WFC-L,1385
WFC-N,24.99
WFC-O,25.08
WFC-P,24.98
WFC-Q,26.08
WFC-R,27.7
WFC-W,24.99
WFC-X,25.16
WFC-Y,25.52
WFC-Z,24.81
WFG,69.59
WGO,70.76
WH,66.64
WHD,33.04
WHG,17.45
WHR,193.24
WIA,12.96
WIT,6.26
WIW,12.31
WK,102.51
WLK,87.23
WLKP,23.71
WLL,35
WM,111.67
WMB,23.12
WMC,3.33
WMK,53.91
WMS,111.79
WMT,131.58
WNC,16.92
WNS,74.8
WOR,66.89
WORK,41.12
WOW,13.94
WPC,70.06
WPF,10.6
WPF.U,11.1
WPF.W,2.05
WPG,6.4
WPG-H,7.25
WPG-I,6.9
WPM,36.5
WPP,60.37
WRB,70.33
WRB-D,25.3
WRB-E,26.56
WRB-F,26.12
WRB-G,25.1332
WRB-H,25.13
WRE,22.88
WRI,26.03
WRK,44.36
WSM,133.82
WSO,250.47
WSO.B,251.85
WSR,9.48
WST,281.69
WTI,3.38
WTM,1207.1
WTRG,43.05
WTRU,55.22
WTS,115.09
WTTR,6.58
WU,23.46
WWE,50.23
WWW,34.95
WY,34.42
X,17
XEC,59.52
XFLT,8.7
XHR,20.5
XIN,2.81
XL,14.81
XOM,56.47
XPEV,35.01
XPO,119.26
XPO.U,11.15
XPO.W,2.18
XPOA,10.55
XRX,26
XYF,3.45
XYL,100.61
Y,658.1
YAC,10.67
YAC.U,11.29
YAC.W,2.15
YALA,23.11
YELP,38.72
YETI,70.43
YEXT,17.3
YPF,4.48
YRD,5
YSG,18.44
YUM,104.01
YUMC,60.57
ZBH,165.02
ZEN,148.68
ZEPP,16.75
ZIM,20.39
ZNH,34.77
ZTO,34.21
ZTR,8.98
ZTS,156.11
ZUO,15.31
ZYME,37.05
